Forum,Nome,Matricula
Fórum Gumercindo Bessa,Rômulo Dantas Brandão,
Fórum Des Luis Carlos Fontes de Alencar,Rosa Geane Nascimento Santos,
Fórum Olímpio Mendonça,Ana Ligia de Freitas Soares Alexandrino,
Fóruns Integrados II,Maria Luiza Foz Mendonça,
Fóruns Integrados III,Antônio Cerqueira de Albuquerque,
Fóruns Integrados IV,José Anselmo de Oliveira,
Fórum Ministro Geraldo Barreto Sobral (Sede),Designado ou Substituto Automático,
Fórum Dr. Felisbelo Freire (Sede),Sidney Silva de Almeida,
Fórum Drª. Gicélia de Araújo Tores (Distrito de Salgado),Designado ou Substituto Automático,
Fórum Dr. Levindo Cruz (Sede),Fernando Luis Lopes Dantas,
Fórum Dr. Waldemar Fortuna Castro (Distrito de Areia Branca),Cláudia do Espírito Santo,
Fórum Alberto Deodato (Sede),Andrea Caldas de Souza Lisa,
Fórum Des Arthur Oscar de Oliveira (Centro),Karyna Torres Gouveia Marroquim Abdala,
Fórum Des Pedro Barreto de Andrade (Marcos Freire II),Tatiany Nascimento Chagas,
Fórum Bel Luiz Augusto Barreto (Parque dos Faróis),Camila da Costa Pedrosa Ferreira,
Fórum Sem. Francisco leite Neto (Sede),Glauber Dantas Rebouças,
Fórum Des Gilson Goes,Anna Paula de Freitas Maciel,
Fórum Prof Gonçalo Rollemberg Leite (UFS),Paulo Marcelo Silva Ledo,
Fórum João Bosco de Andrade Lima (Sede),Bruno Laskowski Staczuk,
Fórum Procurador Osman Hora Fontes,Bruna Aparecida de Carvalho Caetano Rocha,
Fórum Hermes Fontes,Aline Reis Fonseca Soares,
Fórum Dr. Otávio de S. Leite (Sede),Gilson Guedes Cavalcanti Neto,
Fórum Min. Heitor de Souza,Antônio Carlos de Souza Martins,
Fórum Dr. Zacarias Lurenço de Carvalho,Márcia Maria Luviseti,
Fórum Juiz João Fontes de Faria,Sérgio Fortuna de Mendonça,
Fórum Des. Luiz Magalhães,Daniela de Almeida Bayma Valdívia,
Fórum Dr. Arquibaldo Mendonça,Designado ou Substituto Automático,
Fórum José Carvalho Déda,Eliezer Siqueira de Sousa Junior,
Fórum Martinho Garcez (Sede),Alex Caetano de Oliveira,
Fórum Juiz Wilson Bareto Louredo (Distrito de São Domingos),Alex Caetano de Oliveira,
Fórum de João Sobral Garcez Sobrinho,Holmes Anderson Junior,
Fórum Flávio da Rosa Melo,Camilo Chianca de Oliveira Azevedo,
Fórum Maurício Graccho Cardoso,Geilton Costa Cardoso da Silva,
Fórum Des. Epaminondas Silva de Andrade Lima,Sulamita Goes de Araújo Carvalho,
Fórum Juiz Mário de A. Lobão,Daniel Leite da Silva,
Fórum Desembargador Gervásio de Carvalho Prata,Ricardo Sant'Ana,
Fórum Juíza Maria Rita Soares de Andrade,Nelson Humberto Madeira da Silveira,
Fórum Dr. Francisco Vieira de Andrade,Ícaro Tavares Cardoso de Oliveira Bezerra,
Fórum Monsenhor Alberto B. de Azevedo (Sede),Rinaldo Salvino do Nascimento,
Fórum Des. Jospe Barreto Prado (Distrito de Pirambu),Rinaldo Salvino do Nascimento,
Fórum Des. José Antônio de Andrade Góes (Sede),Rosivan Machado da Silva,
Fórum José Bezerra dos Santos (Distrito de Japoată),Horácio Gomes Carneiro Leão,
Fórum Des. Humberto Diniz Sobral,Maria Alice Alves Santos Melo Figueiredo,
Fórum Des. Antônio Machado,Cláudio Bahia Felicíssimo,
Fórum Juiz João Fernandes de Britto,Evilásio Correia de Araújo Filho,
Fórum Des. Antonio Xavier de Assis Júnior,Elaine Celina Afra da Silva Santos,
Fórum Juarez Figueiredo,Pedro Rodrigues Neto,
Fórum Dom Juvêncio de Brito,Henrique Gaspar Mello de Mendonça,
Fórum Juiz Aloísio Vilas Boas,Fabiana Oliveira Bastos de Castro,
Fórum Des. Belmiro da Silveira Góis (Distrito de Monte Alegre),Alexandre Magno Oliveira Lins,
Fórum Des. José Nolasco de Carvalho,Altamiro Pacheco da Silva Junior,
Fórum Cardeal Mindzzenty,Paulo Henrique Vaz Fidalgo,
Fórum João Paulo II,Anderson Clei Santos Rochão,
Fórum Thierez G. de Santana,Vanessa Neves Serafim Souto,
